2022/03/11 23:59,15.7,64
2022/03/12 00:00,15.7,60
2022/03/12 00:01,15.6,60
2022/03/12 00:02,15.5,61
2022/03/12 00:03,15.5,61
2022/03/12 00:04,15.5,65
2022/03/12 00:05,15.5,60
2022/03/12 00:06,15.5,62
2022/03/12 00:07,15.5,62
2022/03/12 00:08,15.5,60
2022/03/12 00:09,15.5,62
2022/03/12 00:10,15.4,61
2022/03/12 00:11,15.4,60
2022/03/12 00:12,15.4,60
2022/03/12 00:13,15.4,60
2022/03/12 00:14,15.4,62
2022/03/12 00:15,15.4,60
2022/03/12 00:16,15.4,63
2022/03/12 00:17,15.4,59
2022/03/12 00:18,15.3,63
2022/03/12 00:19,15.3,62
2022/03/12 00:20,15.3,59
2022/03/12 00:21,15.2,61
2022/03/12 00:22,15.2,62
2022/03/12 00:23,15.2,64
2022/03/12 00:24,15.2,62
2022/03/12 00:25,15.2,66
2022/03/12 00:26,15.2,65
2022/03/12 00:27,15.2,61
2022/03/12 00:28,15.1,66
2022/03/12 00:29,15.1,63
2022/03/12 00:30,15.1,60
2022/03/12 00:31,15.1,63
2022/03/12 00:32,15.1,62
2022/03/12 00:33,15.1,69
2022/03/12 00:34,15.0,68
2022/03/12 00:35,15.0,62
2022/03/12 00:36,15.0,62
2022/03/12 00:37,15.0,64
2022/03/12 00:38,15.0,62
2022/03/12 00:39,15.0,62
2022/03/12 00:40,15.0,62
2022/03/12 00:41,15.0,63
2022/03/12 00:42,15.0,62
2022/03/12 00:43,14.9,63
2022/03/12 00:44,15.0,61
2022/03/12 00:45,14.9,60
2022/03/12 00:46,14.9,61
2022/03/12 00:47,14.9,62
2022/03/12 00:48,14.9,69
2022/03/12 00:49,14.9,68
2022/03/12 00:50,14.9,64
2022/03/12 00:51,14.9,61
2022/03/12 00:52,14.9,63
2022/03/12 00:53,14.9,62
2022/03/12 00:54,14.9,62
2022/03/12 00:55,14.9,62
2022/03/12 00:56,14.9,60
2022/03/12 00:57,14.9,61
2022/03/12 00:58,14.9,63
2022/03/12 00:59,14.9,64
2022/03/12 01:00,14.8,63
2022/03/12 01:01,14.8,60
2022/03/12 01:02,14.8,61
2022/03/12 01:03,14.8,63
2022/03/12 01:04,14.8,64
2022/03/12 01:05,14.8,62
2022/03/12 01:06,14.8,66
2022/03/12 01:07,14.8,63
2022/03/12 01:08,14.8,63
2022/03/12 01:09,14.8,63
2022/03/12 01:10,14.8,62
2022/03/12 01:11,14.8,61
2022/03/12 01:12,14.8,62
2022/03/12 01:13,14.8,63
2022/03/12 01:14,14.8,64
2022/03/12 01:15,14.7,64
2022/03/12 01:16,14.7,64
2022/03/12 01:17,14.7,64
2022/03/12 01:18,14.7,63
2022/03/12 01:19,14.7,62
2022/03/12 01:20,14.7,65
2022/03/12 01:21,14.7,63
2022/03/12 01:22,14.7,63
2022/03/12 01:23,14.7,65
2022/03/12 01:24,14.7,68
2022/03/12 01:25,14.7,64
2022/03/12 01:26,14.7,63
2022/03/12 01:27,14.7,63
2022/03/12 01:28,14.6,63
2022/03/12 01:29,14.6,62
2022/03/12 01:30,14.6,62
2022/03/12 01:31,14.6,63
2022/03/12 01:32,14.6,68
2022/03/12 01:33,14.6,63
2022/03/12 01:34,14.6,63
2022/03/12 01:35,14.6,64
2022/03/12 01:36,14.6,62
2022/03/12 01:37,14.6,71
2022/03/12 01:38,14.5,65
2022/03/12 01:39,14.5,71
2022/03/12 01:40,14.5,64
2022/03/12 01:41,14.5,63
2022/03/12 01:42,14.5,63
2022/03/12 01:43,14.5,61
2022/03/12 01:44,14.5,65
2022/03/12 01:45,14.5,62
2022/03/12 01:46,14.5,61
2022/03/12 01:47,14.5,65
2022/03/12 01:48,14.5,66
2022/03/12 01:49,14.5,62
2022/03/12 01:50,14.5,62
2022/03/12 01:51,14.5,64
2022/03/12 01:52,14.5,63
2022/03/12 01:53,14.5,64
2022/03/12 01:54,14.5,68
2022/03/12 01:55,14.5,65
2022/03/12 01:56,14.5,63
2022/03/12 01:57,14.5,68
2022/03/12 01:58,14.5,63
2022/03/12 01:59,14.5,64
2022/03/12 02:00,14.5,62
2022/03/12 02:01,14.5,65
2022/03/12 02:02,14.5,66
2022/03/12 02:03,14.5,64
2022/03/12 02:04,14.5,66
2022/03/12 02:05,14.5,64
2022/03/12 02:06,14.4,62
2022/03/12 02:07,14.4,63
2022/03/12 02:08,14.4,62
2022/03/12 02:09,14.4,67
2022/03/12 02:10,14.4,63
2022/03/12 02:11,14.4,62
2022/03/12 02:12,14.4,65
2022/03/12 02:13,14.4,68
2022/03/12 02:14,14.4,65
2022/03/12 02:15,14.4,62
2022/03/12 02:16,14.4,63
2022/03/12 02:17,14.4,68
2022/03/12 02:18,14.4,65
2022/03/12 02:19,14.4,64
2022/03/12 02:20,14.4,63
2022/03/12 02:21,14.4,62
2022/03/12 02:22,14.4,64
2022/03/12 02:23,14.3,62
2022/03/12 02:24,14.3,64
2022/03/12 02:25,14.3,62
2022/03/12 02:26,14.3,66
2022/03/12 02:27,14.3,68
2022/03/12 02:28,14.3,63
2022/03/12 02:29,14.3,61
2022/03/12 02:30,14.3,63
2022/03/12 02:31,14.3,63
2022/03/12 02:32,14.3,62
2022/03/12 02:33,14.3,66
2022/03/12 02:34,14.3,64
2022/03/12 02:35,14.3,63
2022/03/12 02:36,14.3,62
2022/03/12 02:37,14.2,68
2022/03/12 02:38,14.2,66
2022/03/12 02:39,14.2,63
2022/03/12 02:40,14.2,65
2022/03/12 02:41,14.2,63
2022/03/12 02:42,14.2,72
2022/03/12 02:43,14.2,68
2022/03/12 02:44,14.2,66
2022/03/12 02:45,14.2,64
2022/03/12 02:46,14.2,65
2022/03/12 02:47,14.2,67
2022/03/12 02:48,14.2,63
2022/03/12 02:49,14.2,64
2022/03/12 02:50,14.2,64
2022/03/12 02:51,14.2,62
2022/03/12 02:52,14.2,66
2022/03/12 02:53,14.2,64
2022/03/12 02:54,14.2,67
2022/03/12 02:55,14.2,66
2022/03/12 02:56,14.2,64
2022/03/12 02:57,14.2,64
2022/03/12 02:58,14.2,65
2022/03/12 02:59,14.1,64
2022/03/12 03:00,14.1,67
2022/03/12 03:01,14.1,63
2022/03/12 03:02,14.1,69
2022/03/12 03:03,14.1,63
2022/03/12 03:04,14.1,63
2022/03/12 03:05,14.1,63
2022/03/12 03:06,14.1,64
2022/03/12 03:07,14.1,69
2022/03/12 03:08,14.1,65
2022/03/12 03:09,14.1,63
2022/03/12 03:10,14.1,65
2022/03/12 03:11,14.1,65
2022/03/12 03:12,14.2,65
2022/03/12 03:13,14.1,63
2022/03/12 03:14,14.1,63
2022/03/12 03:15,14.1,64
2022/03/12 03:16,14.1,62
2022/03/12 03:17,14.1,63
2022/03/12 03:18,14.1,63
2022/03/12 03:19,14.1,64
2022/03/12 03:20,14.1,64
2022/03/12 03:21,14.1,63
2022/03/12 03:22,14.1,65
2022/03/12 03:23,14.0,62
2022/03/12 03:24,14.1,63
2022/03/12 03:25,14.0,67
2022/03/12 03:26,14.0,65
2022/03/12 03:27,14.0,66
2022/03/12 03:28,14.0,65
2022/03/12 03:29,14.0,66
2022/03/12 03:30,14.0,64
2022/03/12 03:31,14.0,66
2022/03/12 03:32,14.0,66
2022/03/12 03:33,14.0,66
2022/03/12 03:34,14.0,66
2022/03/12 03:35,14.0,68
2022/03/12 03:36,14.0,66
2022/03/12 03:37,14.0,65
2022/03/12 03:38,14.0,64
2022/03/12 03:39,14.0,68
2022/03/12 03:40,14.0,65
2022/03/12 03:41,14.0,63
2022/03/12 03:42,14.0,66
2022/03/12 03:43,14.0,64
2022/03/12 03:44,14.0,63
2022/03/12 03:45,14.0,67
2022/03/12 03:46,14.0,64
2022/03/12 03:47,14.0,64
2022/03/12 03:48,14.0,66
2022/03/12 03:49,14.0,63
2022/03/12 03:50,14.0,64
2022/03/12 03:51,14.0,68
2022/03/12 03:52,14.0,65
2022/03/12 03:53,14.0,63
2022/03/12 03:54,14.0,64
2022/03/12 03:55,14.0,63
2022/03/12 03:56,14.0,64
2022/03/12 03:57,14.0,65
2022/03/12 03:58,14.0,63
2022/03/12 03:59,13.9,64
2022/03/12 04:00,13.9,68
2022/03/12 04:01,13.9,65
2022/03/12 04:02,14.0,64
2022/03/12 04:03,14.0,63
2022/03/12 04:04,14.0,65
2022/03/12 04:05,13.9,64
2022/03/12 04:06,13.9,70
2022/03/12 04:07,14.0,65
2022/03/12 04:08,13.9,64
2022/03/12 04:09,13.9,66
2022/03/12 04:10,13.9,63
2022/03/12 04:11,14.0,67
2022/03/12 04:12,14.0,63
2022/03/12 04:13,14.0,63
2022/03/12 04:14,14.0,64
2022/03/12 04:15,14.0,64
2022/03/12 04:16,14.0,63
2022/03/12 04:17,14.0,64
2022/03/12 04:18,14.0,64
2022/03/12 04:19,14.0,66
2022/03/12 04:20,13.9,65
2022/03/12 04:21,14.0,65
2022/03/12 04:22,13.9,65
2022/03/12 04:23,13.9,64
2022/03/12 04:24,13.9,64
2022/03/12 04:25,13.9,63
2022/03/12 04:26,13.9,68
2022/03/12 04:27,13.9,71
2022/03/12 04:28,13.9,67
2022/03/12 04:29,13.9,65
2022/03/12 04:30,13.9,66
2022/03/12 04:31,13.9,66
2022/03/12 04:32,13.9,65
2022/03/12 04:33,13.9,66
2022/03/12 04:34,13.9,68
2022/03/12 04:35,13.8,67
2022/03/12 04:36,13.8,68
2022/03/12 04:37,13.8,66
2022/03/12 04:38,13.8,65
2022/03/12 04:39,13.8,67
2022/03/12 04:40,13.8,65
2022/03/12 04:41,13.8,65
2022/03/12 04:42,13.9,66
2022/03/12 04:43,13.9,63
2022/03/12 04:44,13.8,65
2022/03/12 04:45,13.9,66
2022/03/12 04:46,13.8,64
2022/03/12 04:47,13.8,68
2022/03/12 04:48,13.8,64
2022/03/12 04:49,13.8,65
2022/03/12 04:50,13.8,64
2022/03/12 04:51,13.8,67
2022/03/12 04:52,13.8,64
2022/03/12 04:53,13.8,65
2022/03/12 04:54,13.8,65
2022/03/12 04:55,13.8,64
2022/03/12 04:56,13.8,69
2022/03/12 04:57,13.7,64
2022/03/12 04:58,13.8,64
2022/03/12 04:59,13.7,64
2022/03/12 05:00,13.7,64
2022/03/12 05:01,13.7,65
2022/03/12 05:02,13.7,65
2022/03/12 05:03,13.7,66
2022/03/12 05:04,13.7,67
2022/03/12 05:05,13.7,69
2022/03/12 05:06,13.7,68
2022/03/12 05:07,13.7,65
2022/03/12 05:08,13.7,64
2022/03/12 05:09,13.7,65
2022/03/12 05:10,13.6,69
2022/03/12 05:11,13.6,72
2022/03/12 05:12,13.6,67
2022/03/12 05:13,13.6,69
2022/03/12 05:14,13.6,70
2022/03/12 05:15,13.6,66
2022/03/12 05:16,13.6,65
2022/03/12 05:17,13.6,69
2022/03/12 05:18,13.6,67
2022/03/12 05:19,13.6,65
2022/03/12 05:20,13.6,65
2022/03/12 05:21,13.6,66
2022/03/12 05:22,13.6,65
2022/03/12 05:23,13.5,65
2022/03/12 05:24,13.5,66
2022/03/12 05:25,13.5,67
2022/03/12 05:26,13.5,65
2022/03/12 05:27,13.5,65
2022/03/12 05:28,13.5,69
2022/03/12 05:29,13.5,68
2022/03/12 05:30,13.5,66
2022/03/12 05:31,13.5,66
2022/03/12 05:32,13.5,65
2022/03/12 05:33,13.5,66
2022/03/12 05:34,13.5,66
2022/03/12 05:35,13.5,80
2022/03/12 05:36,13.5,69
2022/03/12 05:37,13.5,67
2022/03/12 05:38,13.5,65
2022/03/12 05:39,13.5,65
2022/03/12 05:40,13.5,65
2022/03/12 05:41,13.4,67
2022/03/12 05:42,13.4,68
2022/03/12 05:43,13.4,66
2022/03/12 05:44,13.4,69
2022/03/12 05:45,13.4,67
2022/03/12 05:46,13.4,66
2022/03/12 05:47,13.4,72
2022/03/12 05:48,13.4,71
2022/03/12 05:49,13.4,67
2022/03/12 05:50,13.4,67
2022/03/12 05:51,13.4,68
2022/03/12 05:52,13.4,70
2022/03/12 05:53,13.3,67
2022/03/12 05:54,13.3,69
2022/03/12 05:55,13.3,68
2022/03/12 05:56,13.3,67
2022/03/12 05:57,13.3,66
2022/03/12 05:58,13.3,66
2022/03/12 05:59,13.3,68
2022/03/12 06:00,13.3,68
2022/03/12 06:01,13.3,67
2022/03/12 06:02,13.3,65
2022/03/12 06:03,13.3,70
2022/03/12 06:04,13.3,71
2022/03/12 06:05,13.2,67
2022/03/12 06:06,13.3,69
2022/03/12 06:07,13.3,68
2022/03/12 06:08,13.3,66
2022/03/12 06:09,13.2,66
2022/03/12 06:10,13.2,67
2022/03/12 06:11,13.2,67
2022/03/12 06:12,13.2,67
2022/03/12 06:13,13.2,67
2022/03/12 06:14,13.2,70
2022/03/12 06:15,13.2,67
2022/03/12 06:16,13.2,67
2022/03/12 06:17,13.2,67
2022/03/12 06:18,13.2,69
2022/03/12 06:19,13.2,67
2022/03/12 06:20,13.2,66
2022/03/12 06:21,13.2,66
2022/03/12 06:22,13.2,68
2022/03/12 06:23,13.1,68
2022/03/12 06:24,13.1,67
2022/03/12 06:25,13.1,66
2022/03/12 06:26,13.1,66
2022/03/12 06:27,13.1,68
2022/03/12 06:28,13.1,68
2022/03/12 06:29,13.1,69
2022/03/12 06:30,13.1,70
2022/03/12 06:31,13.1,67
2022/03/12 06:32,13.1,71
2022/03/12 06:33,13.1,68
2022/03/12 06:34,13.1,69
2022/03/12 06:35,13.1,73
2022/03/12 06:36,13.1,68
2022/03/12 06:37,13.1,66
2022/03/12 06:38,13.0,67
2022/03/12 06:39,13.0,68
2022/03/12 06:40,13.1,67
2022/03/12 06:41,13.1,68
2022/03/12 06:42,13.1,68
2022/03/12 06:43,13.1,69
2022/03/12 06:44,13.1,71
2022/03/12 06:45,13.1,67
2022/03/12 06:46,13.1,66
2022/03/12 06:47,13.1,68
2022/03/12 06:48,13.1,67
2022/03/12 06:49,13.1,72
2022/03/12 06:50,13.1,68
2022/03/12 06:51,13.1,76
2022/03/12 06:52,13.1,66
2022/03/12 06:53,13.1,67
2022/03/12 06:54,13.1,69
2022/03/12 06:55,13.1,70
2022/03/12 06:56,13.1,67
2022/03/12 06:57,13.1,66
2022/03/12 06:58,13.1,69
2022/03/12 06:59,13.1,66
2022/03/12 07:00,13.2,72
2022/03/12 07:01,13.2,68
2022/03/12 07:02,13.2,67
2022/03/12 07:03,13.2,69
2022/03/12 07:04,13.2,66
2022/03/12 07:05,13.2,70
2022/03/12 07:06,13.2,68
2022/03/12 07:07,13.2,70
2022/03/12 07:08,13.2,71
2022/03/12 07:09,13.3,69
2022/03/12 07:10,13.3,67
2022/03/12 07:11,13.3,66
2022/03/12 07:12,13.3,68
2022/03/12 07:13,13.3,70
2022/03/12 07:14,13.4,66
2022/03/12 07:15,13.4,68
2022/03/12 07:16,13.4,66
2022/03/12 07:17,13.4,67
2022/03/12 07:18,13.4,66
2022/03/12 07:19,13.5,66
2022/03/12 07:20,13.5,67
2022/03/12 07:21,13.5,66
2022/03/12 07:22,13.5,65
2022/03/12 07:23,13.5,64
2022/03/12 07:24,13.6,67
2022/03/12 07:25,13.6,69
2022/03/12 07:26,13.6,68
2022/03/12 07:27,13.7,65
2022/03/12 07:28,13.7,66
2022/03/12 07:29,13.7,67
2022/03/12 07:30,13.7,68
2022/03/12 07:31,13.7,66
2022/03/12 07:32,13.8,66
2022/03/12 07:33,13.8,66
2022/03/12 07:34,13.9,69
2022/03/12 07:35,13.9,64
2022/03/12 07:36,13.9,65
2022/03/12 07:37,14.0,65
2022/03/12 07:38,14.0,65
2022/03/12 07:39,14.0,64
2022/03/12 07:40,14.0,63
2022/03/12 07:41,14.1,65
2022/03/12 07:42,14.1,63
2022/03/12 07:43,14.1,63
2022/03/12 07:44,14.2,66
2022/03/12 07:45,14.2,62
2022/03/12 07:46,14.2,63
2022/03/12 07:47,14.2,68
2022/03/12 07:48,14.2,63
2022/03/12 07:49,14.2,63
2022/03/12 07:50,14.3,64
2022/03/12 07:51,14.3,63
2022/03/12 07:52,14.3,65
2022/03/12 07:53,14.3,60
2022/03/12 07:54,14.4,63
2022/03/12 07:55,14.4,63
2022/03/12 07:56,14.4,63
2022/03/12 07:57,14.4,60
2022/03/12 07:58,14.4,61
2022/03/12 07:59,14.5,62
2022/03/12 08:00,14.5,62
2022/03/12 08:01,14.5,62
2022/03/12 08:02,14.5,62
2022/03/12 08:03,14.5,60
2022/03/12 08:04,14.6,62
2022/03/12 08:05,14.6,62
2022/03/12 08:06,14.6,62
2022/03/12 08:07,14.6,59
2022/03/12 08:08,14.6,59
2022/03/12 08:09,14.7,60
2022/03/12 08:10,14.7,62
2022/03/12 08:11,14.7,62
2022/03/12 08:12,14.7,61
2022/03/12 08:13,14.8,65
2022/03/12 08:14,14.8,61
2022/03/12 08:15,14.8,62
2022/03/12 08:16,14.8,61
2022/03/12 08:17,14.9,62
2022/03/12 08:18,14.9,60
2022/03/12 08:19,14.9,59
2022/03/12 08:20,14.9,62
2022/03/12 08:21,15.0,62
2022/03/12 08:22,15.0,59
2022/03/12 08:23,15.0,58
2022/03/12 08:24,15.0,58
2022/03/12 08:25,15.1,60
2022/03/12 08:26,15.1,59
2022/03/12 08:27,15.1,59
2022/03/12 08:28,15.2,62
2022/03/12 08:29,15.2,58
2022/03/12 08:30,15.2,60
2022/03/12 08:31,15.2,59
2022/03/12 08:32,15.3,60
2022/03/12 08:33,15.3,57
2022/03/12 08:34,15.4,58
2022/03/12 08:35,15.4,58
2022/03/12 08:36,15.3,60
2022/03/12 08:37,15.3,62
2022/03/12 08:38,15.4,58
2022/03/12 08:39,15.4,60
2022/03/12 08:40,15.4,58
2022/03/12 08:41,15.4,58
2022/03/12 08:42,15.4,58
2022/03/12 08:43,15.4,57
2022/03/12 08:44,15.5,60
2022/03/12 08:45,15.5,58
2022/03/12 08:46,15.6,58
2022/03/12 08:47,15.6,57
2022/03/12 08:48,15.7,65
2022/03/12 08:49,15.7,64
2022/03/12 08:50,15.7,59
2022/03/12 08:51,15.8,58
2022/03/12 08:52,15.8,57
2022/03/12 08:53,15.8,58
2022/03/12 08:54,15.9,61
2022/03/12 08:55,15.9,58
2022/03/12 08:56,15.9,59
2022/03/12 08:57,16.0,59
2022/03/12 08:58,16.0,59
2022/03/12 08:59,16.0,59
2022/03/12 09:00,16.2,59
2022/03/12 09:01,16.2,59
2022/03/12 09:02,16.3,62
2022/03/12 09:03,16.4,60
2022/03/12 09:04,16.5,61
2022/03/12 09:05,16.7,62
2022/03/12 09:06,16.8,62
2022/03/12 09:07,16.9,61
2022/03/12 09:08,17.0,64
2022/03/12 09:09,17.1,63
2022/03/12 09:10,17.2,62
2022/03/12 09:11,17.4,62
2022/03/12 09:12,17.5,63
2022/03/12 09:13,17.7,62
2022/03/12 09:14,17.8,60
2022/03/12 09:15,17.9,65
2022/03/12 09:16,18.0,63
2022/03/12 09:17,18.2,63
2022/03/12 09:18,18.3,61
2022/03/12 09:19,18.4,63
2022/03/12 09:20,18.5,67
2022/03/12 09:21,18.7,65
2022/03/12 09:22,18.7,61
2022/03/12 09:23,18.9,61
2022/03/12 09:24,19.0,62
2022/03/12 09:25,19.1,62
2022/03/12 09:26,19.2,61
2022/03/12 09:27,19.3,61
2022/03/12 09:28,19.4,61
2022/03/12 09:29,19.5,61
2022/03/12 09:30,19.6,60
2022/03/12 09:31,19.7,60
2022/03/12 09:32,19.7,60
2022/03/12 09:33,19.7,62
2022/03/12 09:34,19.6,68
2022/03/12 09:35,19.5,60
2022/03/12 09:36,19.5,59
2022/03/12 09:37,19.5,60
2022/03/12 09:38,19.6,63
2022/03/12 09:39,19.7,60
2022/03/12 09:40,19.8,60
2022/03/12 09:41,19.9,59
2022/03/12 09:42,20.0,58
2022/03/12 09:43,20.2,60
2022/03/12 09:44,20.4,59
2022/03/12 09:45,20.6,60
2022/03/12 09:46,20.7,59
2022/03/12 09:47,20.9,64
2022/03/12 09:48,21.0,60
2022/03/12 09:49,20.9,56
2022/03/12 09:50,20.9,58
2022/03/12 09:51,20.8,55
2022/03/12 09:52,20.8,56
2022/03/12 09:53,20.8,56
2022/03/12 09:54,20.9,55
2022/03/12 09:55,21.0,56
2022/03/12 09:56,21.3,56
2022/03/12 09:57,21.5,60
2022/03/12 09:58,21.6,58
2022/03/12 09:59,21.7,56
2022/03/12 10:00,21.9,56
2022/03/12 10:01,21.8,55
2022/03/12 10:02,21.8,56
2022/03/12 10:03,21.7,55
2022/03/12 10:04,21.8,54
2022/03/12 10:05,21.9,55
2022/03/12 10:06,22.0,58
2022/03/12 10:07,22.2,56
2022/03/12 10:08,22.4,60
2022/03/12 10:09,22.5,56
2022/03/12 10:10,22.6,57
2022/03/12 10:11,22.7,56
2022/03/12 10:12,22.8,56
2022/03/12 10:13,22.9,58
2022/03/12 10:14,23.0,60
2022/03/12 10:15,23.1,57
2022/03/12 10:16,23.2,58
2022/03/12 10:17,23.3,57
2022/03/12 10:18,23.3,58
2022/03/12 10:19,23.4,54
2022/03/12 10:20,23.5,54
2022/03/12 10:21,23.7,54
2022/03/12 10:22,23.8,53
2022/03/12 10:23,23.8,55
2022/03/12 10:24,23.9,58
2022/03/12 10:25,23.8,54
2022/03/12 10:26,23.8,54
2022/03/12 10:27,23.9,53
2022/03/12 10:28,24.0,54
2022/03/12 10:29,24.0,52
2022/03/12 10:30,24.1,53
2022/03/12 10:31,24.3,52
2022/03/12 10:32,24.4,56
2022/03/12 10:33,24.5,55
2022/03/12 10:34,24.5,53
2022/03/12 10:35,24.6,53
2022/03/12 10:36,24.7,53
2022/03/12 10:37,24.8,52
2022/03/12 10:38,24.9,51
2022/03/12 10:39,25.0,52
2022/03/12 10:40,25.1,51
2022/03/12 10:41,25.2,50
2022/03/12 10:42,25.2,52
2022/03/12 10:43,25.3,51
2022/03/12 10:44,25.3,51
2022/03/12 10:45,25.3,51
2022/03/12 10:46,25.3,52
2022/03/12 10:47,25.3,52
2022/03/12 10:48,25.3,52
2022/03/12 10:49,25.3,52
2022/03/12 10:50,25.3,56
2022/03/12 10:51,25.3,53
2022/03/12 10:52,25.3,51
2022/03/12 10:53,25.4,51
2022/03/12 10:54,25.4,51
2022/03/12 10:55,25.5,52
2022/03/12 10:56,25.5,48
2022/03/12 10:57,25.5,50
2022/03/12 10:58,25.7,49
2022/03/12 10:59,25.8,48
2022/03/12 11:00,26.0,52
2022/03/12 11:01,26.1,51
2022/03/12 11:02,26.2,50
2022/03/12 11:03,26.4,52
2022/03/12 11:04,26.4,48
2022/03/12 11:05,26.5,50
2022/03/12 11:06,26.6,51
2022/03/12 11:07,26.7,53
2022/03/12 11:08,26.8,49
2022/03/12 11:09,26.9,49
2022/03/12 11:10,27.0,49
2022/03/12 11:11,27.1,47
2022/03/12 11:12,27.1,47
2022/03/12 11:13,27.2,50
2022/03/12 11:14,27.2,47
2022/03/12 11:15,27.3,48
2022/03/12 11:16,27.3,47
2022/03/12 11:17,27.4,47
2022/03/12 11:18,27.4,50
2022/03/12 11:19,27.5,48
2022/03/12 11:20,27.5,48
2022/03/12 11:21,27.6,47
2022/03/12 11:22,27.6,47
2022/03/12 11:23,27.6,47
2022/03/12 11:24,27.6,49
2022/03/12 11:25,27.6,47
2022/03/12 11:26,27.6,48
2022/03/12 11:27,27.6,49
2022/03/12 11:28,27.6,47
2022/03/12 11:29,27.7,47
2022/03/12 11:30,27.7,48
2022/03/12 11:31,27.8,48
2022/03/12 11:32,27.8,48
2022/03/12 11:33,27.9,48
2022/03/12 11:34,27.9,47
2022/03/12 11:35,28.0,46
2022/03/12 11:36,28.0,48
2022/03/12 11:37,28.0,48
2022/03/12 11:38,28.0,47
2022/03/12 11:39,27.8,46
2022/03/12 11:40,27.8,46
2022/03/12 11:41,27.8,47
2022/03/12 11:42,27.8,45
2022/03/12 11:43,27.8,44
2022/03/12 11:44,27.7,43
2022/03/12 11:45,27.7,45
2022/03/12 11:46,27.7,44
2022/03/12 11:47,27.7,45
2022/03/12 11:48,27.6,46
2022/03/12 11:49,27.6,46
2022/03/12 11:50,27.6,47
2022/03/12 11:51,27.6,46
2022/03/12 11:52,27.4,45
2022/03/12 11:53,27.3,44
2022/03/12 11:54,27.3,45
2022/03/12 11:55,27.3,45
2022/03/12 11:56,27.2,43
2022/03/12 11:57,27.2,45
2022/03/12 11:58,27.1,44
2022/03/12 11:59,27.1,43
2022/03/12 12:00,27.0,44
2022/03/12 12:01,27.0,47
2022/03/12 12:02,26.9,47
2022/03/12 12:03,26.8,46
2022/03/12 12:04,26.8,45
2022/03/12 12:05,26.7,45
2022/03/12 12:06,26.7,45
2022/03/12 12:07,26.7,46
2022/03/12 12:08,26.6,44
2022/03/12 12:09,26.5,46
2022/03/12 12:10,26.5,45
2022/03/12 12:11,26.4,46
2022/03/12 12:12,26.4,45
2022/03/12 12:13,26.4,45
2022/03/12 12:14,26.4,45
2022/03/12 12:15,26.3,46
2022/03/12 12:16,26.3,45
2022/03/12 12:17,26.2,46
2022/03/12 12:18,26.2,46
2022/03/12 12:19,26.2,48
2022/03/12 12:20,26.1,45
2022/03/12 12:21,26.1,46
2022/03/12 12:22,26.1,47
2022/03/12 12:23,26.1,45
2022/03/12 12:24,26.0,46
2022/03/12 12:25,26.0,45
2022/03/12 12:26,26.0,49
2022/03/12 12:27,25.9,46
2022/03/12 12:28,25.8,45
2022/03/12 12:29,25.8,46
2022/03/12 12:30,25.7,46
2022/03/12 12:31,25.6,45
2022/03/12 12:32,25.6,48
2022/03/12 12:33,25.6,47
2022/03/12 12:34,25.5,46
2022/03/12 12:35,25.5,49
2022/03/12 12:36,25.4,46
2022/03/12 12:37,25.3,48
2022/03/12 12:38,25.3,48
2022/03/12 12:39,25.3,47
2022/03/12 12:40,25.2,48
2022/03/12 12:41,25.2,47
2022/03/12 12:42,25.2,46
2022/03/12 12:43,25.2,47
2022/03/12 12:44,25.1,47
2022/03/12 12:45,25.1,47
2022/03/12 12:46,25.0,47
2022/03/12 12:47,25.0,47
2022/03/12 12:48,25.0,48
2022/03/12 12:49,24.9,46
2022/03/12 12:50,24.9,47
2022/03/12 12:51,24.8,48
2022/03/12 12:52,24.8,48
2022/03/12 12:53,24.8,47
2022/03/12 12:54,24.8,47
2022/03/12 12:55,24.8,49
2022/03/12 12:56,24.8,54
2022/03/12 12:57,24.8,53
2022/03/12 12:58,24.8,48
2022/03/12 12:59,24.8,50
2022/03/12 13:00,24.8,48
2022/03/12 13:01,24.7,47
2022/03/12 13:02,24.7,48
2022/03/12 13:03,24.7,48
2022/03/12 13:04,24.6,52
2022/03/12 13:05,24.6,49
2022/03/12 13:06,24.6,47
2022/03/12 13:07,24.6,47
2022/03/12 13:08,24.6,49
2022/03/12 13:09,24.6,48
2022/03/12 13:10,24.5,49
2022/03/12 13:11,24.5,49
2022/03/12 13:12,24.5,48
2022/03/12 13:13,24.5,48
2022/03/12 13:14,24.5,48
2022/03/12 13:15,24.5,49
2022/03/12 13:16,24.5,50
2022/03/12 13:17,24.5,51
2022/03/12 13:18,24.5,49
2022/03/12 13:19,24.5,48
2022/03/12 13:20,24.5,49
2022/03/12 13:21,24.5,49
2022/03/12 13:22,24.5,48
2022/03/12 13:23,24.7,48
2022/03/12 13:24,24.9,47
2022/03/12 13:25,25.1,46
2022/03/12 13:26,25.3,48
2022/03/12 13:27,25.4,48
2022/03/12 13:28,25.5,46
2022/03/12 13:29,25.5,45
2022/03/12 13:30,25.6,45
2022/03/12 13:31,25.5,46
2022/03/12 13:32,25.5,48
2022/03/12 13:33,25.4,46
2022/03/12 13:34,25.4,45
2022/03/12 13:35,25.3,46
2022/03/12 13:36,25.3,48
2022/03/12 13:37,25.2,48
2022/03/12 13:38,25.1,48
2022/03/12 13:39,25.0,47
2022/03/12 13:40,25.0,46
2022/03/12 13:41,24.9,46
2022/03/12 13:42,24.9,50
2022/03/12 13:43,24.8,48
2022/03/12 13:44,24.8,48
2022/03/12 13:45,24.8,47
2022/03/12 13:46,24.7,50
2022/03/12 13:47,24.7,50
2022/03/12 13:48,24.7,48
2022/03/12 13:49,24.7,52
2022/03/12 13:50,24.6,50
2022/03/12 13:51,24.7,49
2022/03/12 13:52,24.7,47
2022/03/12 13:53,24.7,50
2022/03/12 13:54,24.7,49
2022/03/12 13:55,24.8,47
2022/03/12 13:56,24.8,49
2022/03/12 13:57,24.8,49
2022/03/12 13:58,25.0,49
2022/03/12 13:59,25.1,47
2022/03/12 14:00,25.1,48
2022/03/12 14:01,25.1,50
2022/03/12 14:02,25.0,50
2022/03/12 14:03,25.0,49
2022/03/12 14:04,25.0,47
2022/03/12 14:05,25.1,47
2022/03/12 14:06,25.3,47
2022/03/12 14:07,25.3,49
2022/03/12 14:08,25.4,47
2022/03/12 14:09,25.4,46
2022/03/12 14:10,25.5,47
2022/03/12 14:11,25.5,47
2022/03/12 14:12,25.4,47
2022/03/12 14:13,25.3,47
2022/03/12 14:14,25.2,47
2022/03/12 14:15,25.2,49
2022/03/12 14:16,25.2,48
2022/03/12 14:17,25.2,48
2022/03/12 14:18,25.2,50
2022/03/12 14:19,25.3,50
2022/03/12 14:20,25.3,47
2022/03/12 14:21,25.5,51
2022/03/12 14:22,25.6,49
2022/03/12 14:23,25.9,49
2022/03/12 14:24,26.2,46
2022/03/12 14:25,26.4,48
2022/03/12 14:26,26.4,49
2022/03/12 14:27,26.3,47
2022/03/12 14:28,26.1,47
2022/03/12 14:29,26.1,48
2022/03/12 14:30,26.1,46
2022/03/12 14:31,26.1,48
2022/03/12 14:32,26.1,47
2022/03/12 14:33,26.2,47
2022/03/12 14:34,26.4,48
2022/03/12 14:35,26.5,48
2022/03/12 14:36,26.6,47
2022/03/12 14:37,26.7,46
2022/03/12 14:38,26.8,46
2022/03/12 14:39,26.9,46
2022/03/12 14:40,26.9,45
2022/03/12 14:41,27.0,45
2022/03/12 14:42,27.1,45
2022/03/12 14:43,27.0,46
2022/03/12 14:44,26.9,44
2022/03/12 14:45,26.8,45
2022/03/12 14:46,26.8,46
2022/03/12 14:47,26.7,46
2022/03/12 14:48,26.7,48
2022/03/12 14:49,26.7,49
2022/03/12 14:50,26.7,47
2022/03/12 14:51,26.8,53
2022/03/12 14:52,27.0,48
2022/03/12 14:53,27.1,45
2022/03/12 14:54,27.3,46
2022/03/12 14:55,27.5,45
2022/03/12 14:56,27.5,46
2022/03/12 14:57,27.5,48
2022/03/12 14:58,27.5,43
2022/03/12 14:59,27.5,45
2022/03/12 15:00,27.5,44
2022/03/12 15:01,27.7,45
2022/03/12 15:02,28.0,45
2022/03/12 15:03,28.2,45
2022/03/12 15:04,28.4,42
2022/03/12 15:05,28.3,45
2022/03/12 15:06,28.0,45
2022/03/12 15:07,27.8,46
2022/03/12 15:08,28.1,45
2022/03/12 15:09,28.4,46
2022/03/12 15:10,28.3,43
2022/03/12 15:11,27.7,44
2022/03/12 15:12,27.4,47
2022/03/12 15:13,27.6,45
2022/03/12 15:14,27.7,45
2022/03/12 15:15,27.7,43
2022/03/12 15:16,27.5,46
2022/03/12 15:17,27.7,43
2022/03/12 15:18,27.8,44
2022/03/12 15:19,27.8,46
2022/03/12 15:20,27.8,45
2022/03/12 15:21,27.8,45
2022/03/12 15:22,28.0,44
2022/03/12 15:23,28.1,46
2022/03/12 15:24,28.1,46
2022/03/12 15:25,28.1,44
2022/03/12 15:26,27.8,44
2022/03/12 15:27,27.6,44
2022/03/12 15:28,27.5,45
2022/03/12 15:29,27.4,46
2022/03/12 15:30,27.2,47
2022/03/12 15:31,27.1,47
2022/03/12 15:32,27.0,46
2022/03/12 15:33,26.8,48
2022/03/12 15:34,26.7,47
2022/03/12 15:35,26.6,47
2022/03/12 15:36,26.5,48
2022/03/12 15:37,26.4,49
2022/03/12 15:38,26.4,48
2022/03/12 15:39,26.3,50
2022/03/12 15:40,26.2,48
2022/03/12 15:41,26.1,50
2022/03/12 15:42,26.0,49
2022/03/12 15:43,26.0,48
2022/03/12 15:44,25.8,48
2022/03/12 15:45,25.7,49
2022/03/12 15:46,25.6,50
2022/03/12 15:47,25.6,49
2022/03/12 15:48,25.6,49
2022/03/12 15:49,25.5,48
2022/03/12 15:50,25.5,47
2022/03/12 15:51,25.4,48
2022/03/12 15:52,25.3,48
2022/03/12 15:53,25.3,48
2022/03/12 15:54,25.3,49
2022/03/12 15:55,25.3,51
2022/03/12 15:56,25.3,49
2022/03/12 15:57,25.3,49
2022/03/12 15:58,25.3,49
2022/03/12 15:59,25.3,48
2022/03/12 16:00,25.3,50
2022/03/12 16:01,25.3,52
2022/03/12 16:02,25.2,50
2022/03/12 16:03,25.2,52
2022/03/12 16:04,25.1,49
2022/03/12 16:05,25.1,51
2022/03/12 16:06,25.1,51
2022/03/12 16:07,25.0,50
2022/03/12 16:08,25.0,51
2022/03/12 16:09,25.0,52
2022/03/12 16:10,25.0,54
2022/03/12 16:11,24.9,49
2022/03/12 16:12,24.9,50
2022/03/12 16:13,25.0,51
2022/03/12 16:14,25.0,50
2022/03/12 16:15,25.0,50
2022/03/12 16:16,24.9,51
2022/03/12 16:17,24.9,52
2022/03/12 16:18,24.8,51
2022/03/12 16:19,24.7,50
2022/03/12 16:20,24.7,51
2022/03/12 16:21,24.8,52
2022/03/12 16:22,24.7,51
2022/03/12 16:23,24.7,49
2022/03/12 16:24,24.7,52
2022/03/12 16:25,24.7,52
2022/03/12 16:26,24.7,51
2022/03/12 16:27,24.7,51
2022/03/12 16:28,24.7,55
2022/03/12 16:29,24.7,53
2022/03/12 16:30,24.7,53
2022/03/12 16:31,24.7,56
2022/03/12 16:32,24.6,52
2022/03/12 16:33,24.6,52
2022/03/12 16:34,24.6,50
2022/03/12 16:35,24.5,52
2022/03/12 16:36,24.5,52
2022/03/12 16:37,24.5,51
2022/03/12 16:38,24.5,52
2022/03/12 16:39,24.5,50
2022/03/12 16:40,24.5,51
2022/03/12 16:41,24.5,51
2022/03/12 16:42,24.5,51
2022/03/12 16:43,24.5,51
2022/03/12 16:44,24.5,51
2022/03/12 16:45,24.5,55
2022/03/12 16:46,24.4,51
2022/03/12 16:47,24.4,54
2022/03/12 16:48,24.4,51
2022/03/12 16:49,24.4,52
2022/03/12 16:50,24.4,52
2022/03/12 16:51,24.4,52
2022/03/12 16:52,24.3,52
2022/03/12 16:53,24.2,53
2022/03/12 16:54,24.2,53
2022/03/12 16:55,24.2,52
2022/03/12 16:56,24.1,52
2022/03/12 16:57,24.1,53
2022/03/12 16:58,24.1,53
2022/03/12 16:59,24.0,54
2022/03/12 17:00,24.0,55
2022/03/12 17:01,24.0,52
2022/03/12 17:02,24.0,51
2022/03/12 17:03,24.0,52
2022/03/12 17:04,23.9,51
2022/03/12 17:05,23.9,52
2022/03/12 17:06,23.9,52
2022/03/12 17:07,23.9,54
2022/03/12 17:08,23.8,53
2022/03/12 17:09,23.8,53
2022/03/12 17:10,23.8,54
2022/03/12 17:11,23.7,54
2022/03/12 17:12,23.7,52
2022/03/12 17:13,23.7,56
2022/03/12 17:14,23.6,54
2022/03/12 17:15,23.5,56
2022/03/12 17:16,23.5,53
2022/03/12 17:17,23.5,54
2022/03/12 17:18,23.4,52
2022/03/12 17:19,23.4,53
2022/03/12 17:20,23.4,56
2022/03/12 17:21,23.4,56
2022/03/12 17:22,23.4,54
2022/03/12 17:23,23.4,52
2022/03/12 17:24,23.3,52
2022/03/12 17:25,23.3,55
2022/03/12 17:26,23.3,55
2022/03/12 17:27,23.2,53
2022/03/12 17:28,23.2,56
2022/03/12 17:29,23.2,53
2022/03/12 17:30,23.2,56
2022/03/12 17:31,23.2,55
2022/03/12 17:32,23.2,53
2022/03/12 17:33,23.1,53
2022/03/12 17:34,23.1,53
2022/03/12 17:35,23.1,57
2022/03/12 17:36,23.1,54
2022/03/12 17:37,23.0,55
2022/03/12 17:38,23.0,53
2022/03/12 17:39,23.0,54
2022/03/12 17:40,23.0,57
2022/03/12 17:41,23.0,54
2022/03/12 17:42,23.0,57
2022/03/12 17:43,22.9,54
2022/03/12 17:44,22.9,55
2022/03/12 17:45,22.9,57
2022/03/12 17:46,22.8,56
2022/03/12 17:47,22.8,54
2022/03/12 17:48,22.8,53
2022/03/12 17:49,22.7,54
2022/03/12 17:50,22.7,54
2022/03/12 17:51,22.7,59
2022/03/12 17:52,22.7,57
2022/03/12 17:53,22.6,56
2022/03/12 17:54,22.6,55
2022/03/12 17:55,22.6,55
2022/03/12 17:56,22.6,56
2022/03/12 17:57,22.5,55
2022/03/12 17:58,22.5,55
2022/03/12 17:59,22.5,55
2022/03/12 18:00,22.5,57
2022/03/12 18:01,22.5,57
2022/03/12 18:02,22.5,56
2022/03/12 18:03,22.4,55
2022/03/12 18:04,22.4,56
2022/03/12 18:05,22.4,58
2022/03/12 18:06,22.3,55
2022/03/12 18:07,22.3,58
2022/03/12 18:08,22.2,60
2022/03/12 18:09,22.2,57
2022/03/12 18:10,22.2,56
2022/03/12 18:11,22.2,55
2022/03/12 18:12,22.1,56
2022/03/12 18:13,22.1,61
2022/03/12 18:14,22.1,62
2022/03/12 18:15,22.0,59
2022/03/12 18:16,22.0,57
2022/03/12 18:17,22.0,57
2022/03/12 18:18,22.0,56
2022/03/12 18:19,21.9,55
2022/03/12 18:20,21.9,55
2022/03/12 18:21,21.9,57
2022/03/12 18:22,21.8,55
2022/03/12 18:23,21.8,56
2022/03/12 18:24,21.8,59
2022/03/12 18:25,21.8,56
2022/03/12 18:26,21.7,58
2022/03/12 18:27,21.7,57
2022/03/12 18:28,21.6,58
2022/03/12 18:29,21.6,60
2022/03/12 18:30,21.6,57
2022/03/12 18:31,21.6,58
2022/03/12 18:32,21.5,58
2022/03/12 18:33,21.5,56
2022/03/12 18:34,21.5,56
2022/03/12 18:35,21.5,57
2022/03/12 18:36,21.5,56
2022/03/12 18:37,21.5,56
2022/03/12 18:38,21.5,60
2022/03/12 18:39,21.5,59
2022/03/12 18:40,21.5,59
2022/03/12 18:41,21.5,56
2022/03/12 18:42,21.5,57
2022/03/12 18:43,21.5,64
2022/03/12 18:44,21.5,63
2022/03/12 18:45,21.5,59
2022/03/12 18:46,21.5,57
2022/03/12 18:47,21.5,57
2022/03/12 18:48,21.5,55
2022/03/12 18:49,21.5,59
2022/03/12 18:50,21.5,58
2022/03/12 18:51,21.5,56
2022/03/12 18:52,21.5,56
2022/03/12 18:53,21.5,58
2022/03/12 18:54,21.4,56
2022/03/12 18:55,21.4,56
2022/03/12 18:56,21.4,57
2022/03/12 18:57,21.4,58
2022/03/12 18:58,21.4,58
2022/03/12 18:59,21.4,56
2022/03/12 19:00,21.3,56
2022/03/12 19:01,21.3,56
2022/03/12 19:02,21.3,55
2022/03/12 19:03,21.2,59
2022/03/12 19:04,21.2,58
2022/03/12 19:05,21.2,56
2022/03/12 19:06,21.2,55
2022/03/12 19:07,21.2,58
2022/03/12 19:08,21.1,57
2022/03/12 19:09,21.1,56
2022/03/12 19:10,21.1,57
2022/03/12 19:11,21.0,58
2022/03/12 19:12,21.1,62
2022/03/12 19:13,21.1,59
2022/03/12 19:14,21.0,58
2022/03/12 19:15,21.0,58
2022/03/12 19:16,21.0,57
2022/03/12 19:17,21.0,60
2022/03/12 19:18,21.0,57
2022/03/12 19:19,21.0,58
2022/03/12 19:20,20.9,56
2022/03/12 19:21,20.9,55
2022/03/12 19:22,20.9,55
2022/03/12 19:23,20.9,55
2022/03/12 19:24,20.9,55
2022/03/12 19:25,20.8,57
2022/03/12 19:26,20.8,56
2022/03/12 19:27,20.8,58
2022/03/12 19:28,20.8,56
2022/03/12 19:29,20.7,57
2022/03/12 19:30,20.7,58
2022/03/12 19:31,20.7,56
2022/03/12 19:32,20.6,57
2022/03/12 19:33,20.6,58
2022/03/12 19:34,20.7,58
2022/03/12 19:35,20.6,57
2022/03/12 19:36,20.6,58
2022/03/12 19:37,20.6,56
2022/03/12 19:38,20.5,57
2022/03/12 19:39,20.5,56
2022/03/12 19:40,20.5,57
2022/03/12 19:41,20.5,57
2022/03/12 19:42,20.5,56
2022/03/12 19:43,20.4,58
2022/03/12 19:44,20.4,58
2022/03/12 19:45,20.4,56
2022/03/12 19:46,20.3,56
2022/03/12 19:47,20.3,57
2022/03/12 19:48,20.3,57
2022/03/12 19:49,20.3,58
2022/03/12 19:50,20.3,56
2022/03/12 19:51,20.2,56
2022/03/12 19:52,20.2,58
2022/03/12 19:53,20.2,58
2022/03/12 19:54,20.2,56
2022/03/12 19:55,20.2,56
2022/03/12 19:56,20.1,58
2022/03/12 19:57,20.1,56
2022/03/12 19:58,20.1,56
2022/03/12 19:59,20.1,58
2022/03/12 20:00,20.0,56
2022/03/12 20:01,20.0,56
2022/03/12 20:02,20.0,59
2022/03/12 20:03,20.0,57
2022/03/12 20:04,20.0,57
2022/03/12 20:05,20.0,58
2022/03/12 20:06,19.9,59
2022/03/12 20:07,19.9,57
2022/03/12 20:08,19.9,56
2022/03/12 20:09,19.9,56
2022/03/12 20:10,19.9,56
2022/03/12 20:11,19.8,55
2022/03/12 20:12,19.8,56
2022/03/12 20:13,19.8,57
2022/03/12 20:14,19.8,58
2022/03/12 20:15,19.8,56
2022/03/12 20:16,19.8,56
2022/03/12 20:17,19.8,56
2022/03/12 20:18,19.8,57
2022/03/12 20:19,19.8,57
2022/03/12 20:20,19.7,57
2022/03/12 20:21,19.7,60
2022/03/12 20:22,19.7,58
2022/03/12 20:23,19.7,56
2022/03/12 20:24,19.7,57
2022/03/12 20:25,19.7,56
2022/03/12 20:26,19.7,58
2022/03/12 20:27,19.6,57
2022/03/12 20:28,19.6,58
2022/03/12 20:29,19.6,57
2022/03/12 20:30,19.6,56
2022/03/12 20:31,19.6,56
2022/03/12 20:32,19.6,57
2022/03/12 20:33,19.6,64
2022/03/12 20:34,19.5,58
2022/03/12 20:35,19.5,58
2022/03/12 20:36,19.5,56
2022/03/12 20:37,19.5,56
2022/03/12 20:38,19.5,58
2022/03/12 20:39,19.5,58
2022/03/12 20:40,19.4,56
2022/03/12 20:41,19.4,58
2022/03/12 20:42,19.4,58
2022/03/12 20:43,19.4,57
2022/03/12 20:44,19.4,61
2022/03/12 20:45,19.4,56
2022/03/12 20:46,19.4,58
2022/03/12 20:47,19.4,58
2022/03/12 20:48,19.3,57
2022/03/12 20:49,19.3,56
2022/03/12 20:50,19.3,57
2022/03/12 20:51,19.3,58
2022/03/12 20:52,19.2,58
2022/03/12 20:53,19.2,61
2022/03/12 20:54,19.2,58
2022/03/12 20:55,19.2,59
2022/03/12 20:56,19.2,59
2022/03/12 20:57,19.2,58
2022/03/12 20:58,19.1,57
2022/03/12 20:59,19.1,57
2022/03/12 21:00,19.1,56
2022/03/12 21:01,19.1,57
2022/03/12 21:02,19.1,59
2022/03/12 21:03,19.1,58
2022/03/12 21:04,19.1,59
2022/03/12 21:05,19.0,57
2022/03/12 21:06,19.0,57
2022/03/12 21:07,19.0,59
2022/03/12 21:08,19.0,59
2022/03/12 21:09,19.0,58
2022/03/12 21:10,19.0,57
2022/03/12 21:11,19.0,57
2022/03/12 21:12,18.9,59
2022/03/12 21:13,18.9,59
2022/03/12 21:14,18.9,63
2022/03/12 21:15,18.9,58
2022/03/12 21:16,18.9,59
2022/03/12 21:17,18.9,59
2022/03/12 21:18,18.8,58
2022/03/12 21:19,18.8,57
2022/03/12 21:20,18.8,62
2022/03/12 21:21,18.8,59
2022/03/12 21:22,18.8,58
2022/03/12 21:23,18.8,58
2022/03/12 21:24,18.7,58
2022/03/12 21:25,18.7,60
2022/03/12 21:26,18.7,59
2022/03/12 21:27,18.7,59
2022/03/12 21:28,18.7,59
2022/03/12 21:29,18.7,59
2022/03/12 21:30,18.7,57
2022/03/12 21:31,18.7,61
2022/03/12 21:32,18.7,59
2022/03/12 21:33,18.7,59
2022/03/12 21:34,18.7,60
2022/03/12 21:35,18.7,59
2022/03/12 21:36,18.7,59
2022/03/12 21:37,18.6,59
2022/03/12 21:38,18.6,59
2022/03/12 21:39,18.6,58
2022/03/12 21:40,18.6,60
2022/03/12 21:41,18.6,60
2022/03/12 21:42,18.6,59
2022/03/12 21:43,18.6,58
2022/03/12 21:44,18.6,63
2022/03/12 21:45,18.5,61
2022/03/12 21:46,18.5,58
2022/03/12 21:47,18.5,57
2022/03/12 21:48,18.5,59
2022/03/12 21:49,18.5,57
2022/03/12 21:50,18.5,58
2022/03/12 21:51,18.5,59
2022/03/12 21:52,18.5,62
2022/03/12 21:53,18.4,64
2022/03/12 21:54,18.4,61
2022/03/12 21:55,18.4,61
2022/03/12 21:56,18.4,58
2022/03/12 21:57,18.4,58
2022/03/12 21:58,18.4,62
2022/03/12 21:59,18.4,58
2022/03/12 22:00,18.4,60
2022/03/12 22:01,18.4,57
2022/03/12 22:02,18.3,59
2022/03/12 22:03,18.3,59
2022/03/12 22:04,18.3,59
2022/03/12 22:05,18.3,59
2022/03/12 22:06,18.3,60
2022/03/12 22:07,18.3,59
2022/03/12 22:08,18.2,60
2022/03/12 22:09,18.2,61
2022/03/12 22:10,18.2,61
2022/03/12 22:11,18.2,58
2022/03/12 22:12,18.2,57
2022/03/12 22:13,18.2,62
2022/03/12 22:14,18.2,60
2022/03/12 22:15,18.2,60
2022/03/12 22:16,18.1,64
2022/03/12 22:17,18.1,66
2022/03/12 22:18,18.1,62
2022/03/12 22:19,18.1,60
2022/03/12 22:20,18.1,59
2022/03/12 22:21,18.1,59
2022/03/12 22:22,18.0,61
2022/03/12 22:23,18.0,62
2022/03/12 22:24,18.0,59
2022/03/12 22:25,18.0,60
2022/03/12 22:26,18.0,60
2022/03/12 22:27,17.9,58
2022/03/12 22:28,17.9,61
2022/03/12 22:29,17.9,59
2022/03/12 22:30,17.9,59
2022/03/12 22:31,17.9,59
2022/03/12 22:32,17.9,59
2022/03/12 22:33,17.9,67
2022/03/12 22:34,17.9,63
2022/03/12 22:35,17.9,59
2022/03/12 22:36,17.8,60
2022/03/12 22:37,17.8,62
2022/03/12 22:38,17.8,58
2022/03/12 22:39,17.8,67
2022/03/12 22:40,17.8,60
2022/03/12 22:41,17.8,62
2022/03/12 22:42,17.8,62
2022/03/12 22:43,17.8,59
2022/03/12 22:44,17.8,58
2022/03/12 22:45,17.8,59
2022/03/12 22:46,17.7,60
2022/03/12 22:47,17.8,59
2022/03/12 22:48,17.8,59
2022/03/12 22:49,17.7,58
2022/03/12 22:50,17.8,61
2022/03/12 22:51,17.7,62
2022/03/12 22:52,17.7,63
2022/03/12 22:53,17.7,61
2022/03/12 22:54,17.7,58
2022/03/12 22:55,17.7,58
2022/03/12 22:56,17.7,58
2022/03/12 22:57,17.7,60
2022/03/12 22:58,17.7,59
2022/03/12 22:59,17.7,60
2022/03/12 23:00,17.7,61
2022/03/12 23:01,17.7,60
2022/03/12 23:02,17.7,60
2022/03/12 23:03,17.7,60
2022/03/12 23:04,17.6,60
2022/03/12 23:05,17.7,60
2022/03/12 23:06,17.6,60
2022/03/12 23:07,17.6,62
2022/03/12 23:08,17.6,63
2022/03/12 23:09,17.6,61
2022/03/12 23:10,17.6,62
2022/03/12 23:11,17.5,63
2022/03/12 23:12,17.6,64
2022/03/12 23:13,17.6,59
2022/03/12 23:14,17.5,60
2022/03/12 23:15,17.5,58
2022/03/12 23:16,17.5,59
2022/03/12 23:17,17.5,61
2022/03/12 23:18,17.5,61
2022/03/12 23:19,17.5,60
2022/03/12 23:20,17.5,62
2022/03/12 23:21,17.4,62
2022/03/12 23:22,17.4,62
2022/03/12 23:23,17.4,60
2022/03/12 23:24,17.5,62
2022/03/12 23:25,17.5,61
2022/03/12 23:26,17.5,59
2022/03/12 23:27,17.5,61
2022/03/12 23:28,17.4,62
2022/03/12 23:29,17.4,61
2022/03/12 23:30,17.4,60
2022/03/12 23:31,17.4,59
2022/03/12 23:32,17.4,60
2022/03/12 23:33,17.4,61
2022/03/12 23:34,17.4,61
2022/03/12 23:35,17.4,64
2022/03/12 23:36,17.3,60
2022/03/12 23:37,17.3,63
2022/03/12 23:38,17.3,62
2022/03/12 23:39,17.3,61
2022/03/12 23:40,17.3,63
2022/03/12 23:41,17.3,64
2022/03/12 23:42,17.3,62
2022/03/12 23:43,17.3,61
2022/03/12 23:44,17.3,59
2022/03/12 23:45,17.3,60
2022/03/12 23:46,17.3,63
2022/03/12 23:47,17.2,61
2022/03/12 23:48,17.2,61
2022/03/12 23:49,17.2,62
2022/03/12 23:50,17.2,60
2022/03/12 23:51,17.2,60
2022/03/12 23:52,17.2,64
2022/03/12 23:53,17.2,60
2022/03/12 23:54,17.2,62
2022/03/12 23:55,17.1,63
2022/03/12 23:56,17.1,60
2022/03/12 23:57,17.1,62
2022/03/12 23:58,17.1,63
